Symptom,Car Problem
"If you're not sure what the problem is, start by describing the symptoms: Smell - I smell it (i.e. gasoline, rotten eggs, or burning oil). What odor do you smell? Gasoline. When does the odor occur? All the time. Can you pinpoint where the odor is coming from? Engine Compartment.",Fuel Rail/Fuel Pressure Regulator Leak
"If you're not sure what the problem is, start by describing the symptoms: Smell - I smell it (i.e. gasoline, rotten eggs, or burning oil). What odor do you smell? Gasoline. When does the odor occur? All the time. Can you pinpoint where the odor is coming from? Engine Compartment.",Fuel Injector Leak
"If you're not sure what the problem is, start by describing the symptoms: Smell - I smell it (i.e. gasoline, rotten eggs, or burning oil). What odor do you smell? Gasoline. When does the odor occur? All the time. Can you pinpoint where the odor is coming from? Rear of the Vehicle.",Fuel Tank Leak
"If you're not sure what the problem is, start by describing the symptoms: Smell - I smell it (i.e. gasoline, rotten eggs, or burning oil). What odor do you smell? Gasoline. When does the odor occur? All the time. Can you pinpoint where the odor is coming from? Rear of the Vehicle.",Fuel Pump Assembly Failure
"If you're not sure what the problem is, start by describing the symptoms: Smell - I smell it (i.e. gasoline, rotten eggs, or burning oil). What odor do you smell? Gasoline. When does the odor occur? All the time. Can you pinpoint where the odor is coming from? Rear of the Vehicle.",Fuel Filter Leak
"If you're not sure what the problem is, start by describing the symptoms: Smell - I smell it (i.e. gasoline, rotten eggs, or burning oil). What odor do you smell? Gasoline. When does the odor occur? Only when engine is running, idling. Can you pinpoint where the odor is coming from? Inside the vehicle when the heat or A/C is turned on.",Fuel Rail/Fuel Pressure Regulator Leak
"If you're not sure what the problem is, start by describing the symptoms: Smell - I smell it (i.e. gasoline, rotten eggs, or burning oil). What odor do you smell? Gasoline. When does the odor occur? Only when engine is running, idling. Can you pinpoint where the odor is coming from? Inside the vehicle when the heat or A/C is turned on.",Fuel Injector Leak
"If you're not sure what the problem is, start by describing the symptoms: Smell - I smell it (i.e. gasoline, rotten eggs, or burning oil). What odor do you smell? Gasoline. When does the odor occur? Only when engine is running, idling. Can you pinpoint where the odor is coming from? Only outside the vehicle.",Fuel Tank Leak
"If you're not sure what the problem is, start by describing the symptoms: Smell - I smell it (i.e. gasoline, rotten eggs, or burning oil). What odor do you smell? Gasoline. When does the odor occur? Only when engine is running, idling. Can you pinpoint where the odor is coming from? Only outside the vehicle.",Fuel Pump Assembly Failure
"If you're not sure what the problem is, start by describing the symptoms: Smell - I smell it (i.e. gasoline, rotten eggs, or burning oil). What odor do you smell? Gasoline. When does the odor occur? Only when engine is running, idling. Can you pinpoint where the odor is coming from? Only outside the vehicle.",Fuel Filter Leak
"If you're not sure what the problem is, start by describing the symptoms: Feel - I feel it (i.e. hesitation, shimmy, vibration, or a pull). What do you feel? Vibration - Vehicle shakes. Ususally felt in the steering wheel or the seat. When do you feel the vibration? When braking. Where do you feel the vibration when braking? Not Sure.",Out-of-Round Brake Drums
"If you're not sure what the problem is, start by describing the symptoms: Feel - I feel it (i.e. hesitation, shimmy, vibration, or a pull). What do you feel? Vibration - Vehicle shakes. Ususally felt in the steering wheel or the seat. When do you feel the vibration? When braking. Where do you feel the vibration when braking? Not Sure.",Warped Brake Rotors
"If you're not sure what the problem is, start by describing the symptoms: Feel - I feel it (i.e. hesitation, shimmy, vibration, or a pull). What do you feel? Vibration - Vehicle shakes. Ususally felt in the steering wheel or the seat. When do you feel the vibration? When braking. Where do you feel the vibration when braking? Through the steering wheel.",Loose or Worn Front End Component
"If you're not sure what the problem is, start by describing the symptoms: Feel - I feel it (i.e. hesitation, shimmy, vibration, or a pull). What do you feel? Vibration - Vehicle shakes. Ususally felt in the steering wheel or the seat. When do you feel the vibration? When braking. Where do you feel the vibration when braking? Through the steering wheel.",Warped Brake Rotors
"If you're not sure what the problem is, start by describing the symptoms: Feel - I feel it (i.e. hesitation, shimmy, vibration, or a pull). What do you feel? Vibration - Vehicle shakes. Ususally felt in the steering wheel or the seat. When do you feel the vibration? When braking. Where do you feel the vibration when braking? Through the seats.",Out-of-Round Brake Drums
"If you're not sure what the problem is, start by describing the symptoms: Hear - I hear it (i.e. a rattle, a knock, or a squeal). What noise do you hear? Clunk - A random thumping soun. When do you hear the clunk? When turning. Where do you hear the clunk? Not Sure.","Worn or ""dry"" ball joint"
"If you're not sure what the problem is, start by describing the symptoms: Hear - I hear it (i.e. a rattle, a knock, or a squeal). What noise do you hear? Clunk - A random thumping soun. When do you hear the clunk? When turning. Where do you hear the clunk? Not Sure.",Axle Assembly Failure
"If you're not sure what the problem is, start by describing the symptoms: Hear - I hear it (i.e. a rattle, a knock, or a squeal). What noise do you hear? Clunk - A random thumping soun. When do you hear the clunk? When turning. Where do you hear the clunk? Not Sure.",Loose/Worn Tie Rod Ends
"If you're not sure what the problem is, start by describing the symptoms: Hear - I hear it (i.e. a rattle, a knock, or a squeal). What noise do you hear? Clunk - A random thumping soun. When do you hear the clunk? When turning. Where do you hear the clunk? Front Left.","Worn or ""dry"" ball joint"
"If you're not sure what the problem is, start by describing the symptoms: Hear - I hear it (i.e. a rattle, a knock, or a squeal). What noise do you hear? Clunk - A random thumping soun. When do you hear the clunk? When turning. Where do you hear the clunk? Front Left.",Axle Assembly Failure
"If you're not sure what the problem is, start by describing the symptoms: Hear - I hear it (i.e. a rattle, a knock, or a squeal). What noise do you hear? Clunk - A random thumping soun. When do you hear the clunk? When turning. Where do you hear the clunk? Front Left.",Loose/Worn Tie Rod Ends
"If you're not sure what the problem is, start by describing the symptoms: Hear - I hear it (i.e. a rattle, a knock, or a squeal). What noise do you hear? Clunk - A random thumping soun. When do you hear the clunk? When turning. Where do you hear the clunk? Front Right.","Worn or ""dry"" ball joint"
"If you're not sure what the problem is, start by describing the symptoms: Hear - I hear it (i.e. a rattle, a knock, or a squeal). What noise do you hear? Clunk - A random thumping soun. When do you hear the clunk? When turning. Where do you hear the clunk? Front Right.",Axle Assembly Failure
"If you're not sure what the problem is, start by describing the symptoms: Hear - I hear it (i.e. a rattle, a knock, or a squeal). What noise do you hear? Clunk - A random thumping soun. When do you hear the clunk? When turning. Where do you hear the clunk? Front Right.",Loose/Worn Tie Rod Ends
"If you're not sure what the problem is, start by describing the symptoms: Hear - I hear it (i.e. a rattle, a knock, or a squeal). What noise do you hear? Clunk - A random thumping soun. When do you hear the clunk? When going over bumps. Where do you hear the clunk? Front.",Worn Struts
"If you're not sure what the problem is, start by describing the symptoms: Hear - I hear it (i.e. a rattle, a knock, or a squeal). What noise do you hear? Clunk - A random thumping soun. When do you hear the clunk? When going over bumps. Where do you hear the clunk? Front.",Loose or Worn Front End Component
"If you're not sure what the problem is, start by describing the symptoms: Hear - I hear it (i.e. a rattle, a knock, or a squeal). What noise do you hear? Clunk - A random thumping soun. When do you hear the clunk? When going over bumps. Where do you hear the clunk? Rear.",Loose or Worn Suspension Parts
"If you're not sure what the problem is, start by describing the symptoms: Hear - I hear it (i.e. a rattle, a knock, or a squeal). What noise do you hear? Clunk - A random thumping soun. When do you hear the clunk? When going over bumps. Where do you hear the clunk? Rear.",Worn Out Shocks/Struts
"If you're not sure what the problem is, start by describing the symptoms: Hear - I hear it (i.e. a rattle, a knock, or a squeal). What noise do you hear? Chirp - High pitched rapidly repeating sound, like birds chirping. When do you hear the chirp? When I accelerate. Where do you hear the chirp when you accelerate? From the font wheels.",Wheel Bearing Failure
"If you're not sure what the problem is, start by describing the symptoms: Hear - I hear it (i.e. a rattle, a knock, or a squeal). What noise do you hear? Chirp - High pitched rapidly repeating sound, like birds chirping. When do you hear the chirp? When I accelerate. Where do you hear the chirp when you accelerate? Engine Compartment.",Loose or Worn Drive Belt
"If you're not sure what the problem is, start by describing the symptoms: Hear - I hear it (i.e. a rattle, a knock, or a squeal). What noise do you hear? Chirp - High pitched rapidly repeating sound, like birds chirping. When do you hear the chirp? When I accelerate. Where do you hear the chirp when you accelerate? Under the vehicle.",Worn or Damaged Universal Joints
"If you're not sure what the problem is, start by describing the symptoms: Hear - I hear it (i.e. a rattle, a knock, or a squeal). What noise do you hear? Chirp - High pitched rapidly repeating sound, like birds chirping. When do you hear the chirp? When I accelerate. Where do you hear the chirp when you accelerate? Under the vehicle.",Worn Clutch Disc Surface
"If you're not sure what the problem is, start by describing the symptoms: Hear - I hear it (i.e. a rattle, a knock, or a squeal). What noise do you hear? Chirp - High pitched rapidly repeating sound, like birds chirping. When do you hear the chirp? When I accelerate. Where do you hear the chirp when you accelerate? I'm not sure.",Wheel Bearing Failure
"If you're not sure what the problem is, start by describing the symptoms: Hear - I hear it (i.e. a rattle, a knock, or a squeal). What noise do you hear? Chirp - High pitched rapidly repeating sound, like birds chirping. When do you hear the chirp? When I accelerate. Where do you hear the chirp when you accelerate? I'm not sure.",Loose or Worn Drive Belt
"If you're not sure what the problem is, start by describing the symptoms: See - I see it (i.e. oil leak, warning light, or smoke). What do you see? Smoke. Where is the smoke coming from? Exhaust. What color is the smoke? Blue.",Worn Valve Stem Seals
"If you're not sure what the problem is, start by describing the symptoms: See - I see it (i.e. oil leak, warning light, or smoke). What do you see? Smoke. Where is the smoke coming from? Exhaust. What color is the smoke? Black.",Rich Fuel Mixture
"If you're not sure what the problem is, start by describing the symptoms: See - I see it (i.e. oil leak, warning light, or smoke). What do you see? Smoke. Where is the smoke coming from? Exhaust. What color is the smoke? White.",Blown Head Gasket
"If you're not sure what the problem is, start by describing the symptoms: See - I see it (i.e. oil leak, warning light, or smoke). What do you see? Smoke. Where is the smoke coming from? Exhaust. What color is the smoke? White.",Intake Manifold Gasket Leak
"If you know what is wrong, start by selecting it: Tires & Wheels. Are you having a problem with your wheels or tires? Tires. What do you notice about your tires? Abnormal tire wear. What type of abnormal tire wear are you having? Front tires are wearing on the outside edge.",Wheels out of Alignment
"If you know what is wrong, start by selecting it: Tires & Wheels. Are you having a problem with your wheels or tires? Tires. What do you notice about your tires? Abnormal tire wear. What type of abnormal tire wear are you having? Front tires are wearing on the outside edge.",Unequal Front Tire Pressure
"If you know what is wrong, start by selecting it: Tires & Wheels. Are you having a problem with your wheels or tires? Tires. What do you notice about your tires? Abnormal tire wear. What type of abnormal tire wear are you having? Front tires are wearing on the inside edge.",Lack of Tire Rotation
"If you know what is wrong, start by selecting it: Tires & Wheels. Are you having a problem with your wheels or tires? Tires. What do you notice about your tires? Abnormal tire wear. What type of abnormal tire wear are you having? Front tires are wearing on the inside edge.",Negative Camber
"If you know what is wrong, start by selecting it: Tires & Wheels. Are you having a problem with your wheels or tires? Tires. What do you notice about your tires? Abnormal tire wear. What type of abnormal tire wear are you having? Front tires are wearing on the inside edge.",Low Tire Pressure
"If you know what is wrong, start by selecting it: Tires & Wheels. Are you having a problem with your wheels or tires? Tires. What do you notice about your tires? Abnormal tire wear. What type of abnormal tire wear are you having? Tires wearing on both edges.",Lack of Tire Rotation
"If you know what is wrong, start by selecting it: Tires & Wheels. Are you having a problem with your wheels or tires? Tires. What do you notice about your tires? Abnormal tire wear. What type of abnormal tire wear are you having? Tires wearing on both edges.",Low Tire Pressure
"If you know what is wrong, start by selecting it: Tires & Wheels. Are you having a problem with your wheels or tires? Tires. What do you notice about your tires? Abnormal tire wear. What type of abnormal tire wear are you having? Feathered.",Worn Tie Rods
"If you know what is wrong, start by selecting it: Tires & Wheels. Are you having a problem with your wheels or tires? Tires. What do you notice about your tires? Abnormal tire wear. What type of abnormal tire wear are you having? Feathered.",Wheel Aligment (Toe)
"If you know what is wrong, start by selecting it: Tires & Wheels. Are you having a problem with your wheels or tires? Tires. What do you notice about your tires? Abnormal tire wear. What type of abnormal tire wear are you having? Tires wearing in the middle.",Lack of Tire Rotation
"If you know what is wrong, start by selecting it: Tires & Wheels. Are you having a problem with your wheels or tires? Tires. What do you notice about your tires? Abnormal tire wear. What type of abnormal tire wear are you having? Tires wearing in the middle.",Over-Inflated Tires
"If you know what is wrong, start by selecting it: Tires & Wheels. Are you having a problem with your wheels or tires? Tires. What do you notice about your tires? Abnormal tire wear. What type of abnormal tire wear are you having? Flat spots, cupping or various wear all over tire.",Worn Out Shocks/Struts
"If you know what is wrong, start by selecting it: Tires & Wheels. Are you having a problem with your wheels or tires? Tires. What do you notice about your tires? Abnormal tire wear. What type of abnormal tire wear are you having? Flat spots, cupping or various wear all over tire.",Wheels Out of Balance
"If you know what is wrong, start by selecting it: Tires & Wheels. Are you having a problem with your wheels or tires? Tires. What do you notice about your tires? Abnormal tire wear. What type of abnormal tire wear are you having? Flat spots, cupping or various wear all over tire.",High/Low Tire Pressure
"If you know what is wrong, start by selecting it: Transmission. What type of transmission do you have? All wheel drive. What is the problem you are having with your AWD? Making noise. What type of noise is your AWD unit making? Grinding.",Internal Trasnfer Case Failure
"If you know what is wrong, start by selecting it: Transmission. What type of transmission do you have? All wheel drive. What is the problem you are having with your AWD? Making noise. What type of noise is your AWD unit making? Whining.",Internal Trasnfer Case Failure
"If you know what is wrong, start by selecting it: Transmission. What type of transmission do you have? All wheel drive. What is the problem you are having with your AWD? Making noise. What type of noise is your AWD unit making? Whining.",Low Trasfer Case Fluid
"If you know what is wrong, start by selecting it: Transmission. What type of transmission do you have? All wheel drive. What is the problem you are having with your AWD? Making noise. What type of noise is your AWD unit making? Popping.",Internal Trasnfer Case Failure
"If you know what is wrong, start by selecting it: Transmission. What type of transmission do you have? 4 wheel drive. What area of your 4wd are you having problems with? Transfer case noise. What kind of noise do you hear coming from your transfer case? Clunking or popping noise.",Internal Transfer Case (Damage)
"If you know what is wrong, start by selecting it: Transmission. What type of transmission do you have? 4 wheel drive. What area of your 4wd are you having problems with? Transfer case noise. What kind of noise do you hear coming from your transfer case? Whining.",Internal gears worn
"If you know what is wrong, start by selecting it: Transmission. What type of transmission do you have? 4 wheel drive. What area of your 4wd are you having problems with? Transfer case noise. What kind of noise do you hear coming from your transfer case? Whining.",Low Trasfer Case Fluid
"If you know what is wrong, start by selecting it: Transmission. What type of transmission do you have? 4 wheel drive. What area of your 4wd are you having problems with? Transfer case noise. What kind of noise do you hear coming from your transfer case? Grinding noise.",Transfer Case (Chain Contact)
"If you know what is wrong, start by selecting it: Transmission. What type of transmission do you have? 4 wheel drive. What area of your 4wd are you having problems with? Transfer case noise. What kind of noise do you hear coming from your transfer case? Grinding noise.",Low Trasfer Case Fluid
"If you know what is wrong, start by selecting it: Transmission. What type of transmission do you have? 4 wheel drive. What area of your 4wd are you having problems with? Transfer case malfunction. What aspect of your transfer case is not working? Will not engage front wheels.",Internal Trasnfer Case Failure
"If you know what is wrong, start by selecting it: Transmission. What type of transmission do you have? 4 wheel drive. What area of your 4wd are you having problems with? Transfer case malfunction. What aspect of your transfer case is not working? Will not engage front wheels.",Faulty Front Wheel Locking Hubs
"If you know what is wrong, start by selecting it: Transmission. What type of transmission do you have? 4 wheel drive. What area of your 4wd are you having problems with? Transfer case malfunction. What aspect of your transfer case is not working? Will not shift out of gear.",Transfer Case Linkage (Mis-Alignment)
"If you know what is wrong, start by selecting it: Transmission. What type of transmission do you have? 4 wheel drive. What area of your 4wd are you having problems with? Leaking oil. What part of your transfer case is leaking? Rear output seal.",Worn Rear Transfer Case Output Seal
"If you know what is wrong, start by selecting it: Transmission. What type of transmission do you have? 4 wheel drive. What area of your 4wd are you having problems with? Leaking oil. What part of your transfer case is leaking? Input seal.",Worn Transfer Case Input Seal
"If you know what is wrong, start by selecting it: Transmission. What type of transmission do you have? Manual Transmission. Where do you notice your manual transmission problem? When the transmission is disengaged (when the vehicle is not in gear). What happens when the manual transmission is disengaged? Lubricant leaking.",Damaged Shifter Seals
"If you know what is wrong, start by selecting it: Transmission. What type of transmission do you have? Manual Transmission. Where do you notice your manual transmission problem? When the transmission is disengaged (when the vehicle is not in gear). What happens when the manual transmission is disengaged? Lubricant leaking.",Gasket Leak
"If you know what is wrong, start by selecting it: Transmission. What type of transmission do you have? Manual Transmission. Where do you notice your manual transmission problem? When the transmission is disengaged (when the vehicle is not in gear). What happens when the manual transmission is disengaged? Lubricant leaking.",Over-filled Lubricant Level
"If you know what is wrong, start by selecting it: Transmission. What type of transmission do you have? Manual Transmission. Where do you notice your manual transmission problem? When the transmission is disengaged (when the vehicle is not in gear). What happens when the manual transmission is disengaged? Transmission hard to shift.",Worn/Bent Shift Linkage
"If you know what is wrong, start by selecting it: Transmission. What type of transmission do you have? Manual Transmission. Where do you notice your manual transmission problem? When the transmission is disengaged (when the vehicle is not in gear). What happens when the manual transmission is disengaged? Transmission hard to shift.",Bent Shift Fork
"If you know what is wrong, start by selecting it: Transmission. What type of transmission do you have? Manual Transmission. Where do you notice your manual transmission problem? When the transmission is disengaged (when the vehicle is not in gear). What happens when the manual transmission is disengaged? Transmission hard to shift.",Low Lubricant Level
"If you know what is wrong, start by selecting it: Transmission. What type of transmission do you have? Manual Transmission. Where do you notice your manual transmission problem? When the transmission is disengaged (when the vehicle is not in gear). What happens when the manual transmission is disengaged? Abnormal transmission noise.",Low Lubricant Level
"If you know what is wrong, start by selecting it: Transmission. What type of transmission do you have? Manual Transmission. Where do you notice your manual transmission problem? When the transmission is disengaged (when the vehicle is not in gear). What happens when the manual transmission is disengaged? Abnormal transmission noise.",Contaminated lubricant
"If you know what is wrong, start by selecting it: Transmission. What type of transmission do you have? Manual Transmission. Where do you notice your manual transmission problem? When the transmission is disengaged (when the vehicle is not in gear). What happens when the manual transmission is disengaged? Abnormal transmission noise.",Worn Pilot Bearing
"If you know what is wrong, start by selecting it: Transmission. What type of transmission do you have? Manual Transmission. Where do you notice your manual transmission problem? When the transmission is engaged (when the vehicle is in gear). What happens when the manual transmission is engaged? Transmission locked in gear.",Bent Shift Fork
"If you know what is wrong, start by selecting it: Transmission. What type of transmission do you have? Manual Transmission. Where do you notice your manual transmission problem? When the transmission is engaged (when the vehicle is in gear). What happens when the manual transmission is engaged? Transmission locked in gear.",Worn/Bent Shift Linkage
"If you know what is wrong, start by selecting it: Transmission. What type of transmission do you have? Manual Transmission. Where do you notice your manual transmission problem? When the transmission is engaged (when the vehicle is in gear). What happens when the manual transmission is engaged? Transmission makes noise.",ATF Fluid Inspection
"If you know what is wrong, start by selecting it: Transmission. What type of transmission do you have? Manual Transmission. Where do you notice your manual transmission problem? When the transmission is engaged (when the vehicle is in gear). What happens when the manual transmission is engaged? Transmission makes noise.",Internal Transmission Failure (Bearings/Gears)
"If you know what is wrong, start by selecting it: Transmission. What type of transmission do you have? Manual Transmission. Where do you notice your manual transmission problem? When the transmission is engaged (when the vehicle is in gear). What happens when the manual transmission is engaged? Gears clash or grind when shifting.",Low Lubricant Level
"If you know what is wrong, start by selecting it: Transmission. What type of transmission do you have? Manual Transmission. Where do you notice your manual transmission problem? When the transmission is engaged (when the vehicle is in gear). What happens when the manual transmission is engaged? Gears clash or grind when shifting.",Clutch Linkage Misaligned
"If you know what is wrong, start by selecting it: Transmission. What type of transmission do you have? Manual Transmission. Where do you notice your manual transmission problem? When the transmission is engaged (when the vehicle is in gear). What happens when the manual transmission is engaged? Lubricant leaking.",Damaged Shifter Seals
"If you know what is wrong, start by selecting it: Transmission. What type of transmission do you have? Manual Transmission. Where do you notice your manual transmission problem? When the transmission is engaged (when the vehicle is in gear). What happens when the manual transmission is engaged? Lubricant leaking.",Gasket Leak
"If you know what is wrong, start by selecting it: Transmission. What type of transmission do you have? Manual Transmission. Where do you notice your manual transmission problem? When the transmission is engaged (when the vehicle is in gear). What happens when the manual transmission is engaged? Lubricant leaking.",Over-filled Lubricant Level
"If you know what is wrong, start by selecting it: Transmission. What type of transmission do you have? Manual Transmission. Where do you notice your manual transmission problem? When the transmission is engaged (when the vehicle is in gear). What happens when the manual transmission is engaged? Transmission jumps out of gear.",Bent Shift Fork
"If you know what is wrong, start by selecting it: Transmission. What type of transmission do you have? Manual Transmission. Where do you notice your manual transmission problem? When the transmission is engaged (when the vehicle is in gear). What happens when the manual transmission is engaged? Transmission jumps out of gear.",Manual Transmission Failure (Worn Synchronizer Teeth)
"If you know what is wrong, start by selecting it: Transmission. What type of transmission do you have? Manual Transmission. Where do you notice your manual transmission problem? When the transmission is engaged (when the vehicle is in gear). What happens when the manual transmission is engaged? Transmission jumps out of gear.",Worn/Bent Shift Linkage
"If you know what is wrong, start by selecting it: Transmission. What type of transmission do you have? Manual Transmission. Where do you notice your manual transmission problem? Clutch area. Which option best describes your clutch problem? Hard clutch pedal effort.",Manual Transmission Clutch Pedal (Excessive Friction)
"If you know what is wrong, start by selecting it: Transmission. What type of transmission do you have? Manual Transmission. Where do you notice your manual transmission problem? Clutch area. Which option best describes your clutch problem? Hard clutch pedal effort.",Manual Transmission Clutch Inspect (Over-center Spring)
"If you know what is wrong, start by selecting it: Transmission. What type of transmission do you have? Manual Transmission. Where do you notice your manual transmission problem? Clutch area. Which option best describes your clutch problem? The clutch pedal chatters (grabbing feeling).",Warped Pressure Plate/Flywheel
"If you know what is wrong, start by selecting it: Transmission. What type of transmission do you have? Manual Transmission. Where do you notice your manual transmission problem? Clutch area. Which option best describes your clutch problem? The clutch pedal chatters (grabbing feeling).",Worn Engine Mounts
"If you know what is wrong, start by selecting it: Transmission. What type of transmission do you have? Manual Transmission. Where do you notice your manual transmission problem? Clutch area. Which option best describes your clutch problem? The clutch pedal chatters (grabbing feeling).",Burned/Glazed Clutch Disc
"If you know what is wrong, start by selecting it: Transmission. What type of transmission do you have? Manual Transmission. Where do you notice your manual transmission problem? Clutch area. Which option best describes your clutch problem? No pedal return (clutch pedal stays on floor after depressed).",Worn Clutch Pressure Plate Springs
"If you know what is wrong, start by selecting it: Transmission. What type of transmission do you have? Manual Transmission. Where do you notice your manual transmission problem? Clutch area. Which option best describes your clutch problem? No pedal return (clutch pedal stays on floor after depressed).",Binding In the Clutch Linkage
"If you know what is wrong, start by selecting it: Transmission. What type of transmission do you have? Manual Transmission. Where do you notice your manual transmission problem? Clutch area. Which option best describes your clutch problem? Pulsating clutch pedal.",Warped Flywheel
"If you know what is wrong, start by selecting it: Transmission. What type of transmission do you have? Manual Transmission. Where do you notice your manual transmission problem? Clutch area. Which option best describes your clutch problem? The clutch will not disengage.",Warped Clutch Disc
"If you know what is wrong, start by selecting it: Transmission. What type of transmission do you have? Manual Transmission. Where do you notice your manual transmission problem? Clutch area. Which option best describes your clutch problem? Abnormal clutch noise.",Worn Pilot Bearing
"If you know what is wrong, start by selecting it: Transmission. What type of transmission do you have? Manual Transmission. Where do you notice your manual transmission problem? Clutch area. Which option best describes your clutch problem? Abnormal clutch noise.",Rusted Clutch Linkage
"If you know what is wrong, start by selecting it: Transmission. What type of transmission do you have? Manual Transmission. Where do you notice your manual transmission problem? Clutch area. Which option best describes your clutch problem? Abnormal clutch noise.",Worn Release Bearing (Noise)
"If you know what is wrong, start by selecting it: Transmission. What type of transmission do you have? Manual Transmission. Where do you notice your manual transmission problem? Clutch area. Which option best describes your clutch problem? Clutch slips.",Worn Clutch Disc Surface
"If you know what is wrong, start by selecting it: Transmission. What type of transmission do you have? Manual Transmission. Where do you notice your manual transmission problem? Clutch area. Which option best describes your clutch problem? Clutch slips.",Worn Clutch Pressure Plate Springs
"If you know what is wrong, start by selecting it: Transmission. What type of transmission do you have? Manual Transmission. Where do you notice your manual transmission problem? Clutch area. Which option best describes your clutch problem? Clutch slips.",Clutch Pedal Free Play
"If you know what is wrong, start by selecting it: Exterior Body. Where is your exterior body problem located? Right Side (Passenger). What area is damaged on the right side of your vehicle? Rear Door. What part of the rear door is damaged? Window Belt Strip.",Damaged Window Belt Strip
"If you know what is wrong, start by selecting it: Exterior Body. Where is your exterior body problem located? Right Side (Passenger). What area is damaged on the right side of your vehicle? Rear Door. What part of the rear door is damaged? Window Run Channel.",Damaged run channel
"If you know what is wrong, start by selecting it: Exterior Body. Where is your exterior body problem located? Right Side (Passenger). What area is damaged on the right side of your vehicle? Front Door. What part of the front door is damaged? Window Run Channel.",Damaged run channel
"If you know what is wrong, start by selecting it: Exterior Body. Where is your exterior body problem located? Right Side (Passenger). What area is damaged on the right side of your vehicle? Front Door. What part of the front door is damaged? Window Belt Strip.",Damaged Window Belt Strip
"If you know what is wrong, start by selecting it: Exterior Body. Where is your exterior body problem located? Right Side (Passenger). What area is damaged on the right side of your vehicle? Fender. What Part of the fender is damaged? Fender Trim.",Damaged Fender Trim
"If you know what is wrong, start by selecting it: Exterior Body. Where is your exterior body problem located? Right Side (Passenger). What area is damaged on the right side of your vehicle? Fender. What Part of the fender is damaged? Fender Liner.",Damaged fender liner
"If you know what is wrong, start by selecting it: Exterior Body. Where is your exterior body problem located? Right Side (Passenger). What area is damaged on the right side of your vehicle? Fender. What Part of the fender is damaged? Mud Guard/Protector.",Damaged mud flap (mud guard)
"If you know what is wrong, start by selecting it: Exterior Body. Where is your exterior body problem located? Right Side (Passenger). What area is damaged on the right side of your vehicle? Fender. What Part of the fender is damaged? Fender.",Damaged Front Fender
"If you know what is wrong, start by selecting it: Exterior Body. Where is your exterior body problem located? Right Side (Passenger). What area is damaged on the right side of your vehicle? Fender. What Part of the fender is damaged? Antenna Mast.",Damaged Antenna Mast
"If you know what is wrong, start by selecting it: Exterior Body. Where is your exterior body problem located? Rear. What area is damaged on the rear of your vehicle? Rear bumper cover (also includes absorber, reinforcement, License bracket, side supports, reverse sensors, backup camera). What part on the rear cover of your vehicle looks damaged? Energy Absorber.",Damaged energy absorber
"If you know what is wrong, start by selecting it: Exterior Body. Where is your exterior body problem located? Rear. What area is damaged on the rear of your vehicle? Rear bumper cover (also includes absorber, reinforcement, License bracket, side supports, reverse sensors, backup camera). What part on the rear cover of your vehicle looks damaged? Bumper.",Damaged rear bumper cover
"If you know what is wrong, start by selecting it: Exterior Body. Where is your exterior body problem located? Rear. What area is damaged on the rear of your vehicle? Rear bumper cover (also includes absorber, reinforcement, License bracket, side supports, reverse sensors, backup camera). What part on the rear cover of your vehicle looks damaged? Rear step bumper.",Damaged rear step bumper
"If you know what is wrong, start by selecting it: Exterior Body. Where is your exterior body problem located? Rear. What area is damaged on the rear of your vehicle? Rear bumper cover (also includes absorber, reinforcement, License bracket, side supports, reverse sensors, backup camera). What part on the rear cover of your vehicle looks damaged? Reinforcement.",Damaged bumper reinforcement
"If you know what is wrong, start by selecting it: Exterior Body. Where is your exterior body problem located? Front. What area is damaged on the front of your vehicle? Hood (includes; lock, supports, hinges, insulator). What part of the Hood is Damaged? Insulator.",Damaged hood insulator
"If you know what is wrong, start by selecting it: Exterior Body. Where is your exterior body problem located? Front. What area is damaged on the front of your vehicle? Hood (includes; lock, supports, hinges, insulator). What part of the Hood is Damaged? Hood.",Replace hood
"If you know what is wrong, start by selecting it: Exterior Body. Where is your exterior body problem located? Front. What area is damaged on the front of your vehicle? Hood (includes; lock, supports, hinges, insulator). What part of the Hood is Damaged? Hood.",Repair hood
"If you know what is wrong, start by selecting it: Exterior Body. Where is your exterior body problem located? Front. What area is damaged on the front of your vehicle? Hood (includes; lock, supports, hinges, insulator). What part of the Hood is Damaged? Hinge.",Damaged hinge
"If you know what is wrong, start by selecting it: Exterior Body. Where is your exterior body problem located? Front. What area is damaged on the front of your vehicle? Hood (includes; lock, supports, hinges, insulator). What part of the Hood is Damaged? Lock assembly.",Damaged Hood lock assembly
"If you know what is wrong, start by selecting it: Exterior Body. Where is your exterior body problem located? Front. What area is damaged on the front of your vehicle? Grille. What part is damaged on your grille? Grille.",Damaged Grille
"If you know what is wrong, start by selecting it: Exterior Body. Where is your exterior body problem located? Front. What area is damaged on the front of your vehicle? Grille. What part is damaged on your grille? Grille insert.",Damaged Grille Insert
"If you know what is wrong, start by selecting it: Exterior Body. Where is your exterior body problem located? Front. What area is damaged on the front of your vehicle? Front Lamps (includes; Headlamps, signal lamps, fog lamps, etc.). Turn Signal Assembly.",Turn Signal Lens Assembly (Damaged)
"If you know what is wrong, start by selecting it: Exterior Body. Where is your exterior body problem located? Front. What area is damaged on the front of your vehicle? Front Lamps (includes; Headlamps, signal lamps, fog lamps, etc.). Headlight Assembly.",Damaged Headlight Assembly
"If you know what is wrong, start by selecting it: Exterior Body. Where is your exterior body problem located? Front. What area is damaged on the front of your vehicle? Front Lamps (includes; Headlamps, signal lamps, fog lamps, etc.). Headlight Door.",Damaged Headlight Door
"If you know what is wrong, start by selecting it: Exterior Body. Where is your exterior body problem located? Front. What area is damaged on the front of your vehicle? Front Lamps (includes; Headlamps, signal lamps, fog lamps, etc.). Headlight Cover.",Damaged Headlight Cover
"If you know what is wrong, start by selecting it: Exterior Body. Where is your exterior body problem located? Front. What area is damaged on the front of your vehicle? Front Lamps (includes; Headlamps, signal lamps, fog lamps, etc.). Side Marker Light.",Damaged Side Marker Light Assembly
"If you know what is wrong, start by selecting it: Exterior Body. Where is your exterior body problem located? Front. What area is damaged on the front of your vehicle? Front Lamps (includes; Headlamps, signal lamps, fog lamps, etc.). Fog Light.",Damaged fog light assembly
"If you know what is wrong, start by selecting it: Exterior Body. Where is your exterior body problem located? Front. What area is damaged on the front of your vehicle? Front Lamps (includes; Headlamps, signal lamps, fog lamps, etc.). Cornering Light.",Damaged Cornering Light
"If you know what is wrong, start by selecting it: Exterior Body. Where is your exterior body problem located? Front. What area is damaged on the front of your vehicle? Front Lamps (includes; Headlamps, signal lamps, fog lamps, etc.). Parking Light Assembly.",Damaged Parking Light Assembly
"If you know what is wrong, start by selecting it: Exterior Body. Where is your exterior body problem located? Front. What area is damaged on the front of your vehicle? Fascia (Front cover) (also includes absorber, reinforcement, License bracket,side supports, sensors, valance, spoiler). What part on the front of your vehicle looks damaged? Reinforcement.",Damaged bumper reinforcement
"If you know what is wrong, start by selecting it: Exterior Body. Where is your exterior body problem located? Front. What area is damaged on the front of your vehicle? Fascia (Front cover) (also includes absorber, reinforcement, License bracket,side supports, sensors, valance, spoiler). What part on the front of your vehicle looks damaged? Energy Absorber.",Damaged energy absorber
"If you know what is wrong, start by selecting it: Exterior Body. Where is your exterior body problem located? Front. What area is damaged on the front of your vehicle? Fascia (Front cover) (also includes absorber, reinforcement, License bracket,side supports, sensors, valance, spoiler). What part on the front of your vehicle looks damaged? Bumper Braket or Side supports.",Damaged Bumper Bracket/Side Support
"If you know what is wrong, start by selecting it: Exterior Body. Where is your exterior body problem located? Front. What area is damaged on the front of your vehicle? Fascia (Front cover) (also includes absorber, reinforcement, License bracket,side supports, sensors, valance, spoiler). What part on the front of your vehicle looks damaged? Bumper trim.",Damaged Bumper Trim
"If you know what is wrong, start by selecting it: Exterior Body. Where is your exterior body problem located? Front. What area is damaged on the front of your vehicle? Fascia (Front cover) (also includes absorber, reinforcement, License bracket,side supports, sensors, valance, spoiler). What part on the front of your vehicle looks damaged? Front end cover.",Damaged Front End Cover
"If you know what is wrong, start by selecting it: Exterior Body. Where is your exterior body problem located? Front. What area is damaged on the front of your vehicle? Fascia (Front cover) (also includes absorber, reinforcement, License bracket,side supports, sensors, valance, spoiler). What part on the front of your vehicle looks damaged? Valance.",Replace valance
"If you know what is wrong, start by selecting it: Exterior Body. Where is your exterior body problem located? Front. What area is damaged on the front of your vehicle? Fascia (Front cover) (also includes absorber, reinforcement, License bracket,side supports, sensors, valance, spoiler). What part on the front of your vehicle looks damaged? Valance.",Repair Valance
"If you know what is wrong, start by selecting it: Exterior Body. Where is your exterior body problem located? Front. What area is damaged on the front of your vehicle? Fascia (Front cover) (also includes absorber, reinforcement, License bracket,side supports, sensors, valance, spoiler). What part on the front of your vehicle looks damaged? Spoiler.",Damaged Grille
"If you know what is wrong, start by selecting it: Exterior Body. Where is your exterior body problem located? Front. What area is damaged on the front of your vehicle? Radiator support ( includes; core support, tie bars, splash shields). What part on your radiator support is damaged? Header panel.",Damaged Header Panel
"If you know what is wrong, start by selecting it: Exterior Body. Where is your exterior body problem located? Front. What area is damaged on the front of your vehicle? Radiator support ( includes; core support, tie bars, splash shields). What part on your radiator support is damaged? Radiator support.",Replace radiator support
"If you know what is wrong, start by selecting it: Exterior Body. Where is your exterior body problem located? Front. What area is damaged on the front of your vehicle? Radiator support ( includes; core support, tie bars, splash shields). What part on your radiator support is damaged? Cooling Fan Shroud.",Damaged Fan Shroud
"If you know what is wrong, start by selecting it: Exterior Body. Where is your exterior body problem located? Left Side (Drivers). What area is damaged on the left side of your vehicle? Front Door. What part of the front door is damaged? Window Run Channel.",Damaged run channel
"If you know what is wrong, start by selecting it: Exterior Body. Where is your exterior body problem located? Left Side (Drivers). What area is damaged on the left side of your vehicle? Front Door. What part of the front door is damaged? Window Belt Strip.",Damaged Window Belt Strip
"If you know what is wrong, start by selecting it: Exterior Body. Where is your exterior body problem located? Left Side (Drivers). What area is damaged on the left side of your vehicle? Fender. What part of the fender is damaged? Fender Trim.",Damaged Fender Trim
"If you know what is wrong, start by selecting it: Exterior Body. Where is your exterior body problem located? Left Side (Drivers). What area is damaged on the left side of your vehicle? Fender. What part of the fender is damaged? Fender.",Damaged Front Fender
"If you know what is wrong, start by selecting it: Exterior Body. Where is your exterior body problem located? Left Side (Drivers). What area is damaged on the left side of your vehicle? Fender. What part of the fender is damaged? Fender Liner.",Damaged fender liner
"If you know what is wrong, start by selecting it: Exterior Body. Where is your exterior body problem located? Left Side (Drivers). What area is damaged on the left side of your vehicle? Fender. What part of the fender is damaged? Antenna Mast.",Damaged Antenna Mast
"If you know what is wrong, start by selecting it: Exterior Body. Where is your exterior body problem located? Left Side (Drivers). What area is damaged on the left side of your vehicle? Fender. What part of the fender is damaged? Mud Guard/Protector.",Damaged mud flap (mud guard)
"If you know what is wrong, start by selecting it: Exterior Body. Where is your exterior body problem located? Left Side (Drivers). What area is damaged on the left side of your vehicle? Rear Door. What part of the rear door is damaged? Window Run Channel.",Damaged run channel
"If you know what is wrong, start by selecting it: Exterior Body. Where is your exterior body problem located? Left Side (Drivers). What area is damaged on the left side of your vehicle? Rear Door. What part of the rear door is damaged? Window Belt Strip.",Damaged Window Belt Strip
"If you know what is wrong, start by selecting it: Electrical Accessories. Which electrical accessory are you having a problem with? Wipers. When you turn on your wipers does anything happen? Yes. Are your wipers working normally except not cleaning the windshield properly? Yes.",Bad Windshield Wipers
"If you know what is wrong, start by selecting it: Electrical Accessories. Which electrical accessory are you having a problem with? Wipers. When you turn on your wipers does anything happen? No. Double check and make sure nothing is happening when you turn on the wipers. Have a helper turn on the wipers while you inspect them from outside the vehicle. Listen and look closely for movement or sounds. Did you hear anything or see the wipers move? Yes.",Bad Windshield Wiper Motor
"If you know what is wrong, start by selecting it: Electrical Accessories. Which electrical accessory are you having a problem with? Wipers. When you turn on your wipers does anything happen? No. Double check and make sure nothing is happening when you turn on the wipers. Have a helper turn on the wipers while you inspect them from outside the vehicle. Listen and look closely for movement or sounds. Did you hear anything or see the wipers move? No.",Blown Fuse
"If you know what is wrong, start by selecting it: Electrical Accessories. Which electrical accessory are you having a problem with? Wipers. When you turn on your wipers does anything happen? No. Double check and make sure nothing is happening when you turn on the wipers. Have a helper turn on the wipers while you inspect them from outside the vehicle. Listen and look closely for movement or sounds. Did you hear anything or see the wipers move? No.",Bad Windshield Wiper Motor
"If you know what is wrong, start by selecting it: Electrical Accessories. Which electrical accessory are you having a problem with? Wipers. When you turn on your wipers does anything happen? No. Double check and make sure nothing is happening when you turn on the wipers. Have a helper turn on the wipers while you inspect them from outside the vehicle. Listen and look closely for movement or sounds. Did you hear anything or see the wipers move? No.",Bad Windshield Wiper Switch
"If you know what is wrong, start by selecting it: Electrical Accessories. Which electrical accessory are you having a problem with? Power Windows. What problem are you having with your power windows? Multiple windows are not going up or down. What best describes your multiple window problem? The windows are working from their individual switch but not the master switch or vice versa.",Bad Power Window Master Switch
"If you know what is wrong, start by selecting it: Electrical Accessories. Which electrical accessory are you having a problem with? Power Windows. What problem are you having with your power windows? Multiple windows are not going up or down. What best describes your multiple window problem? All of the power windows are not going up or down.",Blown Fuse
"If you know what is wrong, start by selecting it: Electrical Accessories. Which electrical accessory are you having a problem with? Power Windows. What problem are you having with your power windows? Multiple windows are not going up or down. What best describes your multiple window problem? All of the power windows are not going up or down.",Bad Power Window Master Switch
"If you know what is wrong, start by selecting it: Electrical Accessories. Which electrical accessory are you having a problem with? Power Windows. What problem are you having with your power windows? Multiple windows are not going up or down. What best describes your multiple window problem? The two rear windows are not going up or down.",Blown Fuse
"If you know what is wrong, start by selecting it: Electrical Accessories. Which electrical accessory are you having a problem with? Power Windows. What problem are you having with your power windows? Multiple windows are not going up or down. What best describes your multiple window problem? The two rear windows are not going up or down.",Bad Power Window Master Switch
"If you know what is wrong, start by selecting it: Electrical Accessories. Which electrical accessory are you having a problem with? Power Windows. What problem are you having with your power windows? One window is not going up or down. When you push the window switch up or down can you hear the window motor inside the door? Yes.",Faulty Window Regulator
"If you know what is wrong, start by selecting it: Electrical Accessories. Which electrical accessory are you having a problem with? Power Windows. What problem are you having with your power windows? One window is not going up or down. When you push the window switch up or down can you hear the window motor inside the door? Yes.",Faulty Window Motor
"If you know what is wrong, start by selecting it: Electrical Accessories. Which electrical accessory are you having a problem with? Power Windows. What problem are you having with your power windows? One window is not going up or down. When you push the window switch up or down can you hear the window motor inside the door? No.",Bad Power Window Switch
"If you know what is wrong, start by selecting it: Electrical Accessories. Which electrical accessory are you having a problem with? Power Windows. What problem are you having with your power windows? One window is not going up or down. When you push the window switch up or down can you hear the window motor inside the door? No.",Faulty Window Motor
"If you're not sure what the problem is, start by describing the symptoms: Smell - I smell it (i.e. gasoline, rotten eggs, or burning oil). What odor do you smell? Rotten eggs.",Rich Fuel Condition
"If you're not sure what the problem is, start by describing the symptoms: Smell - I smell it (i.e. gasoline, rotten eggs, or burning oil). What odor do you smell? Rotten eggs.",Catalytic Converter Failure
"If you're not sure what the problem is, start by describing the symptoms: Smell - I smell it (i.e. gasoline, rotten eggs, or burning oil). What odor do you smell? Mildew.",A/C vents (Foul Smell)
"If you're not sure what the problem is, start by describing the symptoms: Smell - I smell it (i.e. gasoline, rotten eggs, or burning oil). What odor do you smell? Burning oil.",Engine Oil Leak (Odor)
"If you're not sure what the problem is, start by describing the symptoms: Feel - I feel it (i.e. hesitation, shimmy, vibration, or a pull). What do you feel? Excessive play - Looseness, lack of response in the steering wheel.",Power Steering Rack (Internal Wear)
"If you're not sure what the problem is, start by describing the symptoms: Feel - I feel it (i.e. hesitation, shimmy, vibration, or a pull). What do you feel? Excessive play - Looseness, lack of response in the steering wheel.",Loose/Worn Tie Rod Ends
"If you're not sure what the problem is, start by describing the symptoms: Feel - I feel it (i.e. hesitation, shimmy, vibration, or a pull). What do you feel? Drifts - Gradual movements to one side.",Uneven Tire Pressure
"If you're not sure what the problem is, start by describing the symptoms: Feel - I feel it (i.e. hesitation, shimmy, vibration, or a pull). What do you feel? Drifts - Gradual movements to one side.",Wheels out of Alignment
"If you're not sure what the problem is, start by describing the symptoms: Feel - I feel it (i.e. hesitation, shimmy, vibration, or a pull). What do you feel? Drifts - Gradual movements to one side.",Loose or Worn Front End Component
"If you're not sure what the problem is, start by describing the symptoms: Feel - I feel it (i.e. hesitation, shimmy, vibration, or a pull). What do you feel? Pulls - Sharp movement to one side.",Dragging Front Brake
"If you're not sure what the problem is, start by describing the symptoms: Feel - I feel it (i.e. hesitation, shimmy, vibration, or a pull). What do you feel? Pulls - Sharp movement to one side.",Wheels out of Alignment
"If you're not sure what the problem is, start by describing the symptoms: Feel - I feel it (i.e. hesitation, shimmy, vibration, or a pull). What do you feel? Pulls - Sharp movement to one side.",Unequal Front Tire Pressure
"If you're not sure what the problem is, start by describing the symptoms: Feel - I feel it (i.e. hesitation, shimmy, vibration, or a pull). What do you feel? Pulls - Sharp movement to one side.",Loose or Worn Front End Component
"If you're not sure what the problem is, start by describing the symptoms: Feel - I feel it (i.e. hesitation, shimmy, vibration, or a pull). What do you feel? Pulsation - Fluctuation of the brake pedal when the brakes are applied.",Out-of-Round Brake Drums
"If you're not sure what the problem is, start by describing the symptoms: Feel - I feel it (i.e. hesitation, shimmy, vibration, or a pull). What do you feel? Pulsation - Fluctuation of the brake pedal when the brakes are applied.",Loose or Worn Wheel Bearing
"If you're not sure what the problem is, start by describing the symptoms: Feel - I feel it (i.e. hesitation, shimmy, vibration, or a pull). What do you feel? Pulsation - Fluctuation of the brake pedal when the brakes are applied.",Warped Brake Rotors
"If you're not sure what the problem is, start by describing the symptoms: Feel - I feel it (i.e. hesitation, shimmy, vibration, or a pull). What do you feel? Sway - Gradual movement from side to side.",Loose or Worn Suspension Parts
"If you're not sure what the problem is, start by describing the symptoms: Feel - I feel it (i.e. hesitation, shimmy, vibration, or a pull). What do you feel? Sway - Gradual movement from side to side.",Worn Out Shocks/Struts
"If you're not sure what the problem is, start by describing the symptoms: Feel - I feel it (i.e. hesitation, shimmy, vibration, or a pull). What do you feel? Shimmy - Rapid side to side movement of the front wheels.",Loose or Worn Wheel Bearing
"If you're not sure what the problem is, start by describing the symptoms: Feel - I feel it (i.e. hesitation, shimmy, vibration, or a pull). What do you feel? Shimmy - Rapid side to side movement of the front wheels.",Loose or Worn Front End Component
"If you're not sure what the problem is, start by describing the symptoms: Ugh! - It won't start. What happens when you try to start the vehicle? The engine cranks over slowly.",Corroded Battery Terminals
"If you're not sure what the problem is, start by describing the symptoms: Ugh! - It won't start. What happens when you try to start the vehicle? The engine cranks over slowly.",Bad Starter
"If you're not sure what the problem is, start by describing the symptoms: Ugh! - It won't start. What happens when you try to start the vehicle? The engine cranks over slowly.",Weak Battery
"If you're not sure what the problem is, start by describing the symptoms: Ugh! - It won't start. What happens when you try to start the vehicle? The engine cranks normally but does not start.",Bad Timing Chain/Belt
"If you're not sure what the problem is, start by describing the symptoms: Ugh! - It won't start. What happens when you try to start the vehicle? The engine cranks normally but does not start.",No Spark
"If you're not sure what the problem is, start by describing the symptoms: Ugh! - It won't start. What happens when you try to start the vehicle? The engine cranks normally but does not start.",No Fuel Pressure
"If you're not sure what the problem is, start by describing the symptoms: Ugh! - It won't start. What happens when you try to start the vehicle? The vehicle is backfiring when trying to start.",Bad Timing Chain/Belt
"If you're not sure what the problem is, start by describing the symptoms: Ugh! - It won't start. What happens when you try to start the vehicle? The vehicle is backfiring when trying to start.",Bad Ignition Component
"If you're not sure what the problem is, start by describing the symptoms: Ugh! - It won't start. What happens when you try to start the vehicle? Nothing.",Bad Starter
"If you're not sure what the problem is, start by describing the symptoms: Ugh! - It won't start. What happens when you try to start the vehicle? Nothing.",Faulty Ignition Switch
"If you're not sure what the problem is, start by describing the symptoms: Ugh! - It won't start. What happens when you try to start the vehicle? Nothing.",Corroded Battery Terminals
"If you're not sure what the problem is, start by describing the symptoms: Ugh! - It won't start. What happens when you try to start the vehicle? Nothing.",Dead Battery
"If you're not sure what the problem is, start by describing the symptoms: Ugh! - It won't start. What happens when you try to start the vehicle? Repeating clicking sound: ""click, click, click"".",Corroded Battery Terminals
"If you're not sure what the problem is, start by describing the symptoms: Ugh! - It won't start. What happens when you try to start the vehicle? Repeating clicking sound: ""click, click, click"".",Bad Starter
"If you're not sure what the problem is, start by describing the symptoms: Ugh! - It won't start. What happens when you try to start the vehicle? Repeating clicking sound: ""click, click, click"".",Weak Battery
"If you're not sure what the problem is, start by describing the symptoms: Ugh! - It won't start. What happens when you try to start the vehicle? A spinning, whinning, or gear grinding sound.",Bad Starter
"If you're not sure what the problem is, start by describing the symptoms: Ugh! - It won't start. What happens when you try to start the vehicle? One strong click or knock.",Seized Engine
"If you're not sure what the problem is, start by describing the symptoms: Ugh! - It won't start. What happens when you try to start the vehicle? One strong click or knock.",Bad Starter
"If you're not sure what the problem is, start by describing the symptoms: Hear - I hear it (i.e. a rattle, a knock, or a squeal). What noise do you hear? Hiss - Continuous sound like air escaping.",Vacuum Leak
"If you're not sure what the problem is, start by describing the symptoms: Hear - I hear it (i.e. a rattle, a knock, or a squeal). What noise do you hear? Hiss - Continuous sound like air escaping.",Air Intake Leak
"If you're not sure what the problem is, start by describing the symptoms: Hear - I hear it (i.e. a rattle, a knock, or a squeal). What noise do you hear? Knock - Heavy, loud, repeating sound like a knock on the door.",Worn Internal Engine Components
"If you're not sure what the problem is, start by describing the symptoms: Hear - I hear it (i.e. a rattle, a knock, or a squeal). What noise do you hear? Knock - Heavy, loud, repeating sound like a knock on the door.",Low Engine Oil Level
"If you're not sure what the problem is, start by describing the symptoms: Hear - I hear it (i.e. a rattle, a knock, or a squeal). What noise do you hear? Tap - Light repetitive sound. Louder than a click.",Low Engine Oil Level
"If you're not sure what the problem is, start by describing the symptoms: Hear - I hear it (i.e. a rattle, a knock, or a squeal). What noise do you hear? Tap - Light repetitive sound. Louder than a click.",Low oil pressure
"If you're not sure what the problem is, start by describing the symptoms: Hear - I hear it (i.e. a rattle, a knock, or a squeal). What noise do you hear? Tap - Light repetitive sound. Louder than a click.",Engine valve adjustment
"If you're not sure what the problem is, start by describing the symptoms: See - I see it (i.e. oil leak, warning light, or smoke). What do you see? Tire looks flat.",Damaged Valve Stem
"If you're not sure what the problem is, start by describing the symptoms: See - I see it (i.e. oil leak, warning light, or smoke). What do you see? Tire looks flat.",Punctured Tire
"If you know what is wrong, start by selecting it: Engine. What is the problem with your engine? Vehicle runs hot.",Broken/Missing Fan Shroud Assembly
"If you know what is wrong, start by selecting it: Engine. What is the problem with your engine? Vehicle runs hot.",Faulty Engine Cooling Fan
"If you know what is wrong, start by selecting it: Engine. What is the problem with your engine? Overheating.",Faulty Engine Cooling Fan
"If you know what is wrong, start by selecting it: Engine. What is the problem with your engine? Overheating.",Stuck Thermostat
"If you know what is wrong, start by selecting it: Engine. What is the problem with your engine? Overheating.",Low Coolant Level
"If you know what is wrong, start by selecting it: Engine. What is the problem with your engine? Engine missfiring, or loss of power.",Worn Distributor
"If you know what is wrong, start by selecting it: Engine. What is the problem with your engine? Engine missfiring, or loss of power.",Bad Ignition Component
"If you know what is wrong, start by selecting it: Engine. What is the problem with your engine? Engine vibration.",Engine Vibration (Harmonic Balancer)
"If you know what is wrong, start by selecting it: Engine. What is the problem with your engine? Engine vibration.",Worn Engine Mounts
"If you know what is wrong, start by selecting it: Engine Performance. What is your engine performance problem? Idle fluctuates.",Check Engine Light
"If you know what is wrong, start by selecting it: Engine Performance. What is your engine performance problem? Idle fluctuates.",Check Ignition Coil for Spark
"If you know what is wrong, start by selecting it: Engine Performance. What is your engine performance problem? Idle fluctuates.",Clogged Air Filter
"If you know what is wrong, start by selecting it: Engine Performance. What is your engine performance problem? Idle drops and almost dies.",Check Engine Light On (Idle Control Valve)
"If you know what is wrong, start by selecting it: Engine Performance. What is your engine performance problem? High Idle.",Faulty fuel filter
"If you know what is wrong, start by selecting it: Engine Performance. What is your engine performance problem? High Idle.",Check Engine Light
"If you know what is wrong, start by selecting it: Engine Performance. What is your engine performance problem? High Idle.",Vacuum leaks
"If you know what is wrong, start by selecting it: Engine Performance. What is your engine performance problem? Hesitation.",Clogged Air Filter
"If you know what is wrong, start by selecting it: Engine Performance. What is your engine performance problem? Hesitation.",Check Engine Light
"If you know what is wrong, start by selecting it: Engine Performance. What is your engine performance problem? Hesitation.",Faulty fuel filter
"If you know what is wrong, start by selecting it: Engine Performance. What is your engine performance problem? Rough running engine.",Check Ignition Coil for Spark
"If you know what is wrong, start by selecting it: Engine Performance. What is your engine performance problem? Rough running engine.",Fuel system cleaning
"If you know what is wrong, start by selecting it: Engine Performance. What is your engine performance problem? Rough running engine.",Check Engine Light
"If you know what is wrong, start by selecting it: Engine Performance. What is your engine performance problem? Carburetor engine stalling and running rough at low RPM.",Bad Carburetor
"If you know what is wrong, start by selecting it: Engine Performance. What is your engine performance problem? Rough idle.",Rough Idle (Throttle Body)
"If you know what is wrong, start by selecting it: Engine Performance. What is your engine performance problem? Stalling.",Check Ignition Coil for Spark
"If you know what is wrong, start by selecting it: Engine Performance. What is your engine performance problem? Stalling.",Fuel pump replacement
"If you know what is wrong, start by selecting it: Engine Performance. What is your engine performance problem? Stalling.",Check Engine Light
"If you know what is wrong, start by selecting it: Engine Performance. What is your engine performance problem? Ignition misfire.",Engine Tune-up
"If you know what is wrong, start by selecting it: Engine Performance. What is your engine performance problem? Ignition misfire.",Fouled Spark Plug
"If you know what is wrong, start by selecting it: Engine Performance. What is your engine performance problem? Ignition misfire.",Faulty Coil Over Plug
"If you know what is wrong, start by selecting it: Brakes. What problem are you having with your brakes? I have a hard brake pedal.",Vacuum leaks
"If you know what is wrong, start by selecting it: Brakes. What problem are you having with your brakes? I have a hard brake pedal.",Brake Booster Failure
"If you know what is wrong, start by selecting it: Brakes. What problem are you having with your brakes? My brakes pull.",Binding Brake Caliper
"If you know what is wrong, start by selecting it: Brakes. What problem are you having with your brakes? My brakes pull.",Loose or Worn Suspension Parts
"If you know what is wrong, start by selecting it: Brakes. What problem are you having with your brakes? My brakes pull.",Uneven Tire Pressure
"If you know what is wrong, start by selecting it: Brakes. What problem are you having with your brakes? My brakes pull.",Contaminated Brake Linings
"If you know what is wrong, start by selecting it: Brakes. What problem are you having with your brakes? My brakes are grinding.",Worn Rear Brakes
"If you know what is wrong, start by selecting it: Brakes. What problem are you having with your brakes? My brakes are grinding.",Worn Front Brakes
"If you know what is wrong, start by selecting it: Brakes. What problem are you having with your brakes? My brakes are squealing.",Brake Pad Quality and Rotor Finish
"If you know what is wrong, start by selecting it: Brakes. What problem are you having with your brakes? My brakes are squealing.",Worn Brake Pads
"If you know what is wrong, start by selecting it: Brakes. What problem are you having with your brakes? My brakes are squealing.",Brake Pad Wear Indicator is Contacting Rotor
"If you know what is wrong, start by selecting it: Brakes. What problem are you having with your brakes? My ABS light is on.",ABS System Fault
"If you know what is wrong, start by selecting it: Brakes. What problem are you having with your brakes? My brake warning light is on.",Parking Brake Lever Engaged
"If you know what is wrong, start by selecting it: Brakes. What problem are you having with your brakes? My brake warning light is on.",Faulty Parking Brake Switch
"If you know what is wrong, start by selecting it: Brakes. What problem are you having with your brakes? My brake warning light is on.",Low Brake Fluid
"If you know what is wrong, start by selecting it: Brakes. What problem are you having with your brakes? I have a spongy or low brake pedal.",Brake Master Cylinder Internal Leak.
"If you know what is wrong, start by selecting it: Brakes. What problem are you having with your brakes? I have a spongy or low brake pedal.",Brakes not Adjusted
"If you know what is wrong, start by selecting it: Brakes. What problem are you having with your brakes? I have a spongy or low brake pedal.",Air in Brake Hydraulic System
"If you know what is wrong, start by selecting it: Brakes. What problem are you having with your brakes? I have a pulsating brake pedal.",Out-of-Round Brake Drums
"If you know what is wrong, start by selecting it: Brakes. What problem are you having with your brakes? I have a pulsating brake pedal.",Loose or Worn Wheel Bearing
"If you know what is wrong, start by selecting it: Brakes. What problem are you having with your brakes? I have a pulsating brake pedal.",Warped Brake Rotors
"If you know what is wrong, start by selecting it: Upholstery & Interior. Here are some common interior problems Damaged carpet.",Interior Floor Carpet (Damage)
"If you know what is wrong, start by selecting it: Upholstery & Interior. Here are some common interior problems Seat belt not reatracting properly.",Seat Belt Malfunction
"If you know what is wrong, start by selecting it: Upholstery & Interior. Here are some common interior problems Damaged dashboard.",Damaged Dashboard
"If you know what is wrong, start by selecting it: Upholstery & Interior. Here are some common interior problems Power outlet does not work.",Blown Fuse
"If you know what is wrong, start by selecting it: Upholstery & Interior. Here are some common interior problems Power seats not working.",Power Seat Switch Failure
"If you know what is wrong, start by selecting it: Upholstery & Interior. Here are some common interior problems Power seats not working.",Blown Fuse
"If you know what is wrong, start by selecting it: Upholstery & Interior. Here are some common interior problems Power seats not working.",Bad power seat motor
"If you know what is wrong, start by selecting it: Upholstery & Interior. Here are some common interior problems Seat belt not locking.",Seat Belt Malfunction
"If you know what is wrong, start by selecting it: Upholstery & Interior. Here are some common interior problems Rear defroster is not working.",Link Defroster grid
"If you know what is wrong, start by selecting it: Upholstery & Interior. Here are some common interior problems Rear defroster is not working.",Blown Fuse
"If you know what is wrong, start by selecting it: Heating & Air Conditioning. What is the problem with your heat or a/c? No hot air when heat is on.",Clogged Heater Core
"If you know what is wrong, start by selecting it: Heating & Air Conditioning. What is the problem with your heat or a/c? No hot air when heat is on.",Bad Thermostat
"If you know what is wrong, start by selecting it: Heating & Air Conditioning. What is the problem with your heat or a/c? No hot air when heat is on.",Bad Heater Control Valve
"If you know what is wrong, start by selecting it: Heating & Air Conditioning. What is the problem with your heat or a/c? No cold air when A/C is on.",No Cold Air A/C Line or Hose
"If you know what is wrong, start by selecting it: Heating & Air Conditioning. What is the problem with your heat or a/c? No cold air when A/C is on.",No Cold Air A/C Condenser
"If you know what is wrong, start by selecting it: Heating & Air Conditioning. What is the problem with your heat or a/c? No cold air when A/C is on.",No Cold Air A/C Compressor
"If you know what is wrong, start by selecting it: Heating & Air Conditioning. What is the problem with your heat or a/c? The fan speeds are not working properly e.g., High works but the other speeds do not.",Blower Resistor Malfunction
"If you know what is wrong, start by selecting it: Heating & Air Conditioning. What is the problem with your heat or a/c? Rear defroster is not working.",Link Defroster grid
"If you know what is wrong, start by selecting it: Heating & Air Conditioning. What is the problem with your heat or a/c? Rear defroster is not working.",Blown Fuse
"If you know what is wrong, start by selecting it: Heating & Air Conditioning. What is the problem with your heat or a/c? Windshield fogs up with the defroster setting on.",Leaking heater core
"If you know what is wrong, start by selecting it: Steering & Handling. What steering or handling problem are you having? My vehicle pulls.",Dragging Front Brake
"If you know what is wrong, start by selecting it: Steering & Handling. What steering or handling problem are you having? My vehicle pulls.",Wheels out of Alignment
"If you know what is wrong, start by selecting it: Steering & Handling. What steering or handling problem are you having? My vehicle pulls.",Unequal Front Tire Pressure
"If you know what is wrong, start by selecting it: Steering & Handling. What steering or handling problem are you having? My vehicle pulls.",Loose or Worn Front End Component
"If you know what is wrong, start by selecting it: Steering & Handling. What steering or handling problem are you having? My steering wheel shakes.",Tires/Wheels Out of Balance or Damaged.
"If you know what is wrong, start by selecting it: Steering & Handling. What steering or handling problem are you having? My steering wheel shakes.",Worn Wheel Hub Assembly
"If you know what is wrong, start by selecting it: Steering & Handling. What steering or handling problem are you having? My steering wheel shakes.",Loose or Worn Front End Component
"If you know what is wrong, start by selecting it: Steering & Handling. What steering or handling problem are you having? My steering wheel is hard to turn.",Power Steering Drive Belt (Damage/Loose)
"If you know what is wrong, start by selecting it: Steering & Handling. What steering or handling problem are you having? My steering wheel is hard to turn.",Low Power Steering Fluid
"If you know what is wrong, start by selecting it: Steering & Handling. What steering or handling problem are you having? My steering wheel is hard to turn.",Faulty power steering pump
"If you know what is wrong, start by selecting it: Steering & Handling. What steering or handling problem are you having? My vehicle drifts.",Uneven Tire Pressure
"If you know what is wrong, start by selecting it: Steering & Handling. What steering or handling problem are you having? My vehicle drifts.",Wheels out of Alignment
"If you know what is wrong, start by selecting it: Steering & Handling. What steering or handling problem are you having? My vehicle drifts.",Loose or Worn Front End Component
"If you know what is wrong, start by selecting it: Steering & Handling. What steering or handling problem are you having? I hear a clunking sound when turning.","Worn or ""dry"" ball joint"
"If you know what is wrong, start by selecting it: Steering & Handling. What steering or handling problem are you having? I hear a clunking sound when turning.",Axle Assembly Failure
"If you know what is wrong, start by selecting it: Steering & Handling. What steering or handling problem are you having? I hear a clunking sound when turning.",Loose/Worn Tie Rod Ends
"If you know what is wrong, start by selecting it: Steering & Handling. What steering or handling problem are you having? I hear a squealing sound when turning the wheel.",Power Steering Drive Belt (Damage/Loose)
"If you know what is wrong, start by selecting it: Steering & Handling. What steering or handling problem are you having? I hear a squealing sound when turning the wheel.",Low Power Steering Fluid
"If you know what is wrong, start by selecting it: Steering & Handling. What steering or handling problem are you having? I hear a squealing sound when turning the wheel.",Faulty power steering pump
"If you know what is wrong, start by selecting it: Steering & Handling. What steering or handling problem are you having? My vehicle bounces excessively over bumps.",Worn Shocks Absorbers
"If you know what is wrong, start by selecting it: Steering & Handling. What steering or handling problem are you having? My vehicle bounces excessively over bumps.",Worn Struts
"If you know what is wrong, start by selecting it: Steering & Handling. What steering or handling problem are you having? My vehicle bottoms out over bumps.",Worn leaf springs
"If you know what is wrong, start by selecting it: Steering & Handling. What steering or handling problem are you having? My vehicle bottoms out over bumps.",Worn coil springs
"If you know what is wrong, start by selecting it: Steering & Handling. What steering or handling problem are you having? My vehicle bottoms out over bumps.",Worn Shocks Absorbers
"If you know what is wrong, start by selecting it: Steering & Handling. What steering or handling problem are you having? My vehicle bottoms out over bumps.",Worn Struts
"If you know what is wrong, start by selecting it: Check Engine & Warning Lights. Which warning light is on? Battery Charge Warning Light.",Faulty Alternator
"If you know what is wrong, start by selecting it: Check Engine & Warning Lights. Which warning light is on? Battery Charge Warning Light.",Serpentine belt slipping/damaged
"If you know what is wrong, start by selecting it: Check Engine & Warning Lights. Which warning light is on? Check Engine Light.",Check Engine Light (Fault Codes)
"If you know what is wrong, start by selecting it: Check Engine & Warning Lights. Which warning light is on? Oil Pressure Warning Light.",Faulty oil pressure sensor
"If you know what is wrong, start by selecting it: Check Engine & Warning Lights. Which warning light is on? Oil Pressure Warning Light.",Worn oil pump
"If you know what is wrong, start by selecting it: Check Engine & Warning Lights. Which warning light is on? Oil Pressure Warning Light.",Low Engine Oil
"If you know what is wrong, start by selecting it: Check Engine & Warning Lights. Which warning light is on? Check Engine Light on with code P0382 or, P0400-P0408.",Check Engine Light On (EGR Valve)
"If you know what is wrong, start by selecting it: Exterior Body. Where is your exterior body problem located? Soft top damaged.",Damaged Soft Top
